{"a":0.6002461112672415,"b":0.3061904086115832}